{"cameraMode":{"drawMode":0,"name":"Shaded","section":"Shading Mode"},"sceneLighting":false,"audioPlay":false,"sceneViewState":{"m_AlwaysRefresh":false,"showFog":true,"showSkybox":true,"showFlares":true,"showImageEffects":true,"showParticleSystems":true,"showVisualEffectGraphs":true,"m_FxEnabled":true},"in2DMode":false,"pivot":{"x":-1.8316669464111329,"y":1.9598381519317628,"z":2.963634967803955},"rotation":{"x":0.045385006815195087,"y":-0.501298189163208,"z":0.026342399418354036,"w":0.8636816740036011},"size":3.7404592037200929,"orthographic":true}