{"cameraMode":{"drawMode":0,"name":"Shaded","section":"Shading Mode"},"sceneLighting":false,"audioPlay":false,"sceneViewState":{"m_AlwaysRefresh":false,"showFog":true,"showSkybox":false,"showFlares":true,"showImageEffects":true,"showParticleSystems":true,"showVisualEffectGraphs":true,"m_FxEnabled":false},"in2DMode":false,"pivot":{"x":0.5089036226272583,"y":0.22922733426094056,"z":3.4598615169525148},"rotation":{"x":-0.32252660393714907,"y":0.0085378997027874,"z":-0.002915265504270792,"w":-0.9465243816375732},"size":0.6281751990318298,"orthographic":false}